"id","version_id","domain","item","level","requirement","source_text","sort_order","created_at"
"aea7a8f4-e031-4f13-bdfd-c862c94abdc3","c626b967-3157-43eb-a6cd-e2433561bbcc","äºä»¶æ¥èªèå¯æ­¸è²¬æ§","æ¥èªå²å­å®¹é","é«","ä¾ææ¥èªå²å­éæ±ï¼éç½®æéä¹å²å­å®¹éã","ä¾ææ¥èªå²å­éæ±ï¼éç½®æéä¹å²å­å®¹éã","14","2026-06-26T08:25:36.734583"
"e3210ba9-8f1e-4f54-9c18-8398504ff2d0","c626b967-3157-43eb-a6cd-e2433561bbcc","äºä»¶æ¥èªèå¯æ­¸è²¬æ§","æ¥èªå²å­å®¹é","ä¸­","ä¾ææ¥èªå²å­éæ±ï¼éç½®æéä¹å²å­å®¹éã","ä¾ææ¥èªå²å­éæ±ï¼éç½®æéä¹å²å­å®¹éã","15","2026-06-26T08:25:36.734590"
"8fec158d-70f4-4e09-998f-05e9d83d152c","c626b967-3157-43eb-a6cd-e2433561bbcc","äºä»¶æ¥èªèå¯æ­¸è²¬æ§","æ¥èªå²å­å®¹é","æ®","ä¾ææ¥èªå²å­éæ±ï¼éç½®æéä¹å²å­å®¹éã","ä¾ææ¥èªå²å­éæ±ï¼éç½®æéä¹å²å­å®¹éã","16","2026-06-26T08:25:36.734597"
"c1cd1ac8-3bc0-4283-89d4-a195753f801c","c626b967-3157-43eb-a6cd-e2433561bbcc","äºä»¶æ¥èªèå¯æ­¸è²¬æ§","æ¥èªç´éå§å®¹","é«","è³éç³»çµ±ç¢çä¹æ¥èªæåå«äºä»¶é¡åãç¼çæéãç¼çä½ç½®åä»»ä½èäºä»¶ç¸éä¹ä½¿ç¨èèº«åè­å¥ç­è³è¨ï¼æ¡ç¨å®ä¸æ¥èªæ©å¶ï¼ç¢ºä¿è¼¸åºæ ¼å¼ä¹ä¸è´æ§ï¼ä¸¦æä¾è³éå®å¨æ¿ç­åæ³è¦è¦æ±ç´å¥å¶ä»ç¸éè³è¨ã","è³éç³»çµ±ç¢çä¹æ¥èªæåå«äºä»¶é¡å...","11","2026-06-26T08:25:36.734562"
"99806f16-dfe1-4896-8999-45c2a3898e81","c626b967-3157-43eb-a6cd-e2433561bbcc","äºä»¶æ¥èªèå¯æ­¸è²¬æ§","æ¥èªç´éå§å®¹","ä¸­","è³éç³»çµ±ç¢çä¹æ¥èªæåå«äºä»¶é¡åãç¼çæéãç¼çä½ç½®åä»»ä½èäºä»¶ç¸éä¹ä½¿ç¨èèº«åè­å¥ç­è³è¨ï¼æ¡ç¨å®ä¸æ¥èªæ©å¶ï¼ç¢ºä¿è¼¸åºæ ¼å¼ä¹ä¸è´æ§ï¼ä¸¦æä¾è³éå®å¨æ¿ç­åæ³è¦è¦æ±ç´å¥å¶ä»ç¸éè³è¨ã","è³éç³»çµ±ç¢çä¹æ¥èªæåå«äºä»¶é¡å...","12","2026-06-26T08:25:36.734569"
"e89bb346-5e63-450f-a9e8-359cf596d3ba","c626b967-3157-43eb-a6cd-e2433561bbcc","äºä»¶æ¥èªèå¯æ­¸è²¬æ§","æ¥èªç´éå§å®¹","æ®","è³éç³»çµ±ç¢çä¹æ¥èªæåå«äºä»¶é¡åãç¼çæéãç¼çä½ç½®åä»»ä½èäºä»¶ç¸éä¹ä½¿ç¨èèº«åè­å¥ç­è³è¨ï¼æ¡ç¨å®ä¸æ¥èªæ©å¶ï¼ç¢ºä¿è¼¸åºæ ¼å¼ä¹ä¸è´æ§ï¼ä¸¦æä¾è³éå®å¨æ¿ç­åæ³è¦è¦æ±ç´å¥å¶ä»ç¸éè³è¨ã","è³éç³»çµ±ç¢çä¹æ¥èªæåå«äºä»¶é¡å...","13","2026-06-26T08:25:36.734576"
"4fc5d51f-3207-414c-a4ea-a27499855f0f","c626b967-3157-43eb-a6cd-e2433561bbcc","äºä»¶æ¥èªèå¯æ­¸è²¬æ§","æ¥èªèçå¤±æä¹åæ","é«","ä¸ãæ©éè¦å®éè¦å³æéå ±ä¹æ¥èªèçå¤±æäºä»¶ç¼çæï¼è³éç³»çµ±ææ¼æ©éè¦å®ä¹ææå§ï¼å°ç¹å®äººå¡æåºè­¦åã
äºãç­ç´ãä¸­ãåãæ®ãä¹æææ§å¶æªæ½ã","ä¸ãæ©éè¦å®éè¦å³æéå ±ä¹æ¥èªèçå¤±æäºä»¶...","17","2026-06-26T08:25:36.734603"
"39c4fdac-9154-4976-929f-98aebbe9ffb3","c626b967-3157-43eb-a6cd-e2433561bbcc","äºä»¶æ¥èªèå¯æ­¸è²¬æ§","æ¥èªèçå¤±æä¹åæ","ä¸­","è³éç³»çµ±æ¼æ¥èªèçå¤±ææï¼ææ¡åé©ç¶ä¹è¡åã","è³éç³»çµ±æ¼æ¥èªèçå¤±ææï¼ææ¡åé©ç¶ä¹è¡åã","18","2026-06-26T08:25:36.734611"
"3b38775b-61dc-418c-a682-e9d2503954e7","c626b967-3157-43eb-a6cd-e2433561bbcc","äºä»¶æ¥èªèå¯æ­¸è²¬æ§","æ¥èªèçå¤±æä¹åæ","æ®","è³éç³»çµ±æ¼æ¥èªèçå¤±ææï¼ææ¡åé©ç¶ä¹è¡åã","","9999","2026-06-26T09:05:27.964453"
"8e202f99-cedb-45bc-9cd5-6abc064187b5","c626b967-3157-43eb-a6cd-e2433561bbcc","äºä»¶æ¥èªèå¯æ­¸è²¬æ§","æ¥èªè³è¨ä¹ä¿è­·","é«","ä¸ãå®æåä»½æ¥èªè³åç³»çµ±å¤ä¹å¶ä»å¯¦é«ç³»çµ±ã
äºãç­ç´ãä¸­ãä¹æææ§å¶æªæ½ã","ä¸ãå®æåä»½æ¥èªè³åç³»çµ±å¤ä¹å¶ä»å¯¦é«ç³»çµ±...","22","2026-06-26T08:25:36.734639"
"59312113-81e6-4ba1-97ca-1ce8560379fb","c626b967-3157-43eb-a6cd-e2433561bbcc","äºä»¶æ¥èªèå¯æ­¸è²¬æ§","æ¥èªè³è¨ä¹ä¿è­·","ä¸­","ä¸ãæéç¨éæ¹æå¶ä»é©ç¶æ¹å¼ä¹å®æ´æ§ç¢ºä¿æ©å¶ã
äºãç­ç´ãæ®ãä¹æææ§å¶æªæ½ã","ä¸ãæéç¨éæ¹æå¶ä»é©ç¶æ¹å¼ä¹å®æ´æ§ç¢ºä¿æ©å¶...","23","2026-06-26T08:25:36.734646"
"2b164bef-77ad-4668-adce-ae83490da7a4","c626b967-3157-43eb-a6cd-e2433561bbcc","äºä»¶æ¥èªèå¯æ­¸è²¬æ§","æ¥èªè³è¨ä¹ä¿è­·","æ®","å°æ¥èªä¹å­åç®¡çï¼åéæ¼ææ¬éä¹ä½¿ç¨èã","","9999","2026-06-26T09:04:29.659296"
"ce762877-9126-406e-a894-0213e5950e31","c626b967-3157-43eb-a6cd-e2433561bbcc","äºä»¶æ¥èªèå¯æ­¸è²¬æ§","ææ³åæ ¡æ","é«","ä¸ãè³éç³»çµ±æä½¿ç¨ç³»çµ±å§é¨æéç¢çæ¥èªæéææ³ï¼ä¸¦å¯ä»¥å°æå°ä¸çåèª¿æéï¼UTCï¼ææ ¼æå¨æ²»æ¨æºæéï¼GMTï¼ã
äºãç³»çµ±å§é¨æéæå®æèåºæºæéæºé²è¡åæ­¥ã","ä¸ãè³éç³»çµ±æä½¿ç¨ç³»çµ±å§é¨æéç¢çæ¥èªæéææ³...","19","2026-06-26T08:25:36.734618"
"1cc900ed-4602-446a-96b2-940657bff743","c626b967-3157-43eb-a6cd-e2433561bbcc","äºä»¶æ¥èªèå¯æ­¸è²¬æ§","ææ³åæ ¡æ","ä¸­","ä¸ãè³éç³»çµ±æä½¿ç¨ç³»çµ±å§é¨æéç¢çæ¥èªæéææ³ï¼ä¸¦å¯ä»¥å°æå°ä¸çåèª¿æéï¼UTCï¼ææ ¼æå¨æ²»æ¨æºæéï¼GMTï¼ã
äºãç³»çµ±å§é¨æéæå®æèåºæºæéæºé²è¡åæ­¥ã","ä¸ãè³éç³»çµ±æä½¿ç¨ç³»çµ±å§é¨æéç¢çæ¥èªæéææ³...","20","2026-06-26T08:25:36.734624"
"56b38b26-ca76-4fd4-85e7-d847fc2e61bb","c626b967-3157-43eb-a6cd-e2433561bbcc","äºä»¶æ¥èªèå¯æ­¸è²¬æ§","ææ³åæ ¡æ","æ®","ä¸ãè³éç³»çµ±æä½¿ç¨ç³»çµ±å§é¨æéç¢çæ¥èªæéææ³ï¼ä¸¦å¯ä»¥å°æå°ä¸çåèª¿æéï¼UTCï¼ææ ¼æå¨æ²»æ¨æºæéï¼GMTï¼ã
äºãç³»çµ±å§é¨æéæå®æèåºæºæéæºé²è¡åæ­¥ã","ä¸ãè³éç³»çµ±æä½¿ç¨ç³»çµ±å§é¨æéç¢çæ¥èªæéææ³...","21","2026-06-26T08:25:36.734632"
"0a5d49f5-adb3-4593-8f47-48b3720000bb","c626b967-3157-43eb-a6cd-e2433561bbcc","äºä»¶æ¥èªèå¯æ­¸è²¬æ§","è¨éäºä»¶","é«","ä¸ãæå®æå¯©æ¥æ©éæä¿çè³éç³»çµ±ç¢çä¹æ¥èªã
äºãç­ç´ãæ®ãä¹æææ§å¶æªæ½ã","ä¸ãæå®æå¯©æ¥æ©éæä¿çè³éç³»çµ±ç¢çä¹æ¥èª...","9","2026-06-26T08:25:36.734545"
"6700aa0b-45ea-42b2-be3e-c5657b6eb79b","c626b967-3157-43eb-a6cd-e2433561bbcc","äºä»¶æ¥èªèå¯æ­¸è²¬æ§","è¨éäºä»¶","æ®","ä¸ãè¨å®æ¥èªä¹è¨éæéé±æåçå­æ¿ç­ï¼ä¸¦ä¿çæ¥èªè³å°å­åæã
äºãç¢ºä¿è³éç³»çµ±æè¨éç¹å®äºä»¶ä¹åè½ï¼ä¸¦æ±ºå®æè¨éä¹ç¹å®è³éç³»çµ±äºä»¶ã
ä¸ãæè¨éè³éç³»çµ±ç®¡çèå¸³èæå·è¡ä¹åé åè½ã","ä¸ãè¨å®æ¥èªä¹è¨éæéé±æåçå­æ¿ç­...","10","2026-06-26T08:25:36.734555"
"facdf653-67de-4661-aa30-87e2e4ece310","c626b967-3157-43eb-a6cd-e2433561bbcc","äºä»¶æ¥èªèå¯æ­¸è²¬æ§","è¨éäºä»¶","ä¸­","ä¸ãæå®æå¯©æ¥æ©éæä¿çè³éç³»çµ±ç¢çä¹æ¥èªã
äºãç­ç´ãæ®ãä¹æææ§å¶æªæ½ã","","9999","2026-06-26T09:06:24.978757"
"a9581ba8-4f72-48ca-929d-0c0f48368383","c626b967-3157-43eb-a6cd-e2433561bbcc","å­åæ§å¶","å¸³èç®¡ç","é«","ä¸ãæä¾æ©éè¦å®ä¹ææ³åæ¢ä»¶ï¼ä½¿ç¨è³éç³»çµ±ã
äºãç£æ§è³éç³»çµ±å¸³èï¼å¦ç¼ç¾å¸³èç°å¸¸ä½¿ç¨æï¼åå ±ç®¡çèã
ä¸ãç­ç´ãä¸­ãä¹æææ§å¶æªæ½ã","é« æ¬ä½å°ææå­","0","2026-06-26T08:25:36.734469"
"6250cda5-692b-410e-9a06-ba75d7a21ce4","c626b967-3157-43eb-a6cd-e2433561bbcc","å­åæ§å¶","å¸³èç®¡ç","ä¸­","ä¸ãæ©éæå®ç¾©åç³»çµ±ä¹éç½®æéæå¯ä½¿ç¨æéèè³éç³»çµ±ä¹ä½¿ç¨ææ³åæ¢ä»¶ã
äºãé¾è¶æ©éæè¨±å¯ä¹éç½®æéæä½¿ç¨æéæï¼ç³»çµ±æèªåå°ä½¿ç¨èç»åºã
ä¸ãç­ç´ãæ®ãä¹æææ§å¶æªæ½ã","ä¸­ æ¬ä½å°ææå­","1","2026-06-26T08:25:36.734485"
"b8dd7ea8-5819-4d28-a8de-6f8c598ec5f4","c626b967-3157-43eb-a6cd-e2433561bbcc","å­åæ§å¶","å¸³èç®¡ç","æ®","ä¸ãå»ºç«å¸³èç®¡çæ©å¶ï¼åå«å¸³èä¹ç³è«ãå»ºç«ãä¿®æ¹ãåç¨ãåç¨ååªé¤ä¹ç¨åºã
äºãå·²é¾æä¹è¨ææç·æ¥å¸³èæåªé¤æç¦ç¨ã
ä¸ãè³éç³»çµ±éç½®å¸³èæç¦ç¨ã
åãå®æå¯©æ ¸è³éç³»çµ±å¸³èä¹ç³è«ãå»ºç«ãä¿®æ¹ãåç¨ãåç¨ååªé¤ã","æ® æ¬ä½å°ææå­","2","2026-06-26T08:25:36.734493"
"b9ed73c1-82dd-4135-a74d-fccb54069a53","c626b967-3157-43eb-a6cd-e2433561bbcc","å­åæ§å¶","æå°æ¬é","é«","æ¡æå°æ¬éååï¼ååè¨±ä½¿ç¨èï¼æä»£è¡¨ä½¿ç¨èè¡çºä¹ç¨åºï¼ä¾æ©éä»»ååæ¥­ååè½ï¼å®æææ´¾ä»»åæéä¹ææ¬å­åã","æ¡æå°æ¬éåå...","3","2026-06-26T08:25:36.734501"
"e0424717-5260-4f74-9e33-c0582d5bf4fd","c626b967-3157-43eb-a6cd-e2433561bbcc","å­åæ§å¶","æå°æ¬é","ä¸­","æ¡æå°æ¬éååï¼ååè¨±ä½¿ç¨èï¼æä»£è¡¨ä½¿ç¨èè¡çºä¹ç¨åºï¼ä¾æ©éä»»ååæ¥­ååè½ï¼å®æææ´¾ä»»åæéä¹ææ¬å­åã","æ¡æå°æ¬éåå...","4","2026-06-26T08:25:36.734508"
"96e398bd-3966-4cb9-b886-56b7ad00b024","c626b967-3157-43eb-a6cd-e2433561bbcc","å­åæ§å¶","æå°æ¬é","æ®","æ¡æå°æ¬éååï¼ååè¨±ä½¿ç¨èï¼æä»£è¡¨ä½¿ç¨èè¡çºä¹ç¨åºï¼ä¾æ©éä»»ååæ¥­ååè½ï¼å®æææ´¾ä»»åæéä¹ææ¬å­åã","æ¡æå°æ¬éåå...","5","2026-06-26T08:25:36.734514"
"24e79050-5b3d-4f32-8ac5-d06b4ab003c9","c626b967-3157-43eb-a6cd-e2433561bbcc","å­åæ§å¶","é ç«¯å­å","é«","ä¸ãå°æ¼æ¯ä¸ç¨®åè¨±ä¹é ç«¯å­åé¡åï¼åæååå¾ææ¬ï¼å»ºç«ä½¿ç¨éå¶ãçµæéæ±ãé£ç·éæ±åæä»¶åã
äºãä½¿ç¨èä¹æ¬éæª¢æ¥ä½æ¥­ææ¼ä¼ºæå¨ç«¯å®æã
ä¸ãæç£æ§é ç«¯å­åæ©éå§é¨ç¶²æ®µæè³éç³»çµ±å¾èºä¹é£ç·ã
åãææ¡ç¨å å¯æ©å¶ã
äºãé ç«¯å­åä¹ä¾æºæçºæ©éå·²é åå®ç¾©åç®¡çä¹å­åæ§å¶é»ã","ä¸ãå°æ¼æ¯ä¸ç¨®åè¨±ä¹é ç«¯å­åé¡å...","6","2026-06-26T08:25:36.734523"
"a7339f5b-b6f8-44f5-ab91-2d6e60270d7f","c626b967-3157-43eb-a6cd-e2433561bbcc","å­åæ§å¶","é ç«¯å­å","ä¸­","ä¸ãå°æ¼æ¯ä¸ç¨®åè¨±ä¹é ç«¯å­åé¡åï¼åæååå¾ææ¬ï¼å»ºç«ä½¿ç¨éå¶ãçµæéæ±ãé£ç·éæ±åæä»¶åã
äºãä½¿ç¨èä¹æ¬éæª¢æ¥ä½æ¥­ææ¼ä¼ºæå¨ç«¯å®æã
ä¸ãæç£æ§é ç«¯å­åæ©éå§é¨ç¶²æ®µæè³éç³»çµ±å¾èºä¹é£ç·ã
åãææ¡ç¨å å¯æ©å¶ã
äºãé ç«¯å­åä¹ä¾æºæçºæ©éå·²é åå®ç¾©åç®¡çä¹å­åæ§å¶é»ã","ä¸ãå°æ¼æ¯ä¸ç¨®åè¨±ä¹é ç«¯å­åé¡å...","7","2026-06-26T08:25:36.734530"
"eb23f1cd-8391-414d-8214-6883fbe53279","c626b967-3157-43eb-a6cd-e2433561bbcc","å­åæ§å¶","é ç«¯å­å","æ®","ä¸ãå°æ¼æ¯ä¸ç¨®åè¨±ä¹é ç«¯å­åé¡åï¼åæååå¾ææ¬ï¼å»ºç«ä½¿ç¨éå¶ãçµæéæ±ãé£ç·éæ±åæä»¶åã
äºãä½¿ç¨èä¹æ¬éæª¢æ¥ä½æ¥­ææ¼ä¼ºæå¨ç«¯å®æã
ä¸ãæç£æ§é ç«¯å­åæ©éå§é¨ç¶²æ®µæè³éç³»çµ±å¾èºä¹é£ç·ã
åãææ¡ç¨å å¯æ©å¶ã
äºãé ç«¯å­åä¹ä¾æºæçºæ©éå·²é åå®ç¾©åç®¡çä¹å­åæ§å¶é»ã","ä¸ãå°æ¼æ¯ä¸ç¨®åè¨±ä¹é ç«¯å­åé¡å...","8","2026-06-26T08:25:36.734537"
"845fcc18-87d7-4a7f-a0ed-02fe6cfd1de9","c626b967-3157-43eb-a6cd-e2433561bbcc","çéæçºè¨ç«","ç³»çµ±åæ´","é«","ä¸ãæå°åæ´ååä½çºçéæçºè¨ç«æ¼ç·´ä¹ä¸é¨åã
äºãç­ç´ãä¸­ãä¹æææ§å¶æªæ½ã","ä¸ãæå°åæ´ååä½çºçéæçºè¨ç«æ¼ç·´ä¹ä¸é¨å...","27","2026-06-26T08:25:36.734677"
"0e9944f9-f9b8-4028-9193-84b7ad065825","c626b967-3157-43eb-a6cd-e2433561bbcc","çéæçºè¨ç«","ç³»çµ±åæ´","ä¸­","ä¸ãæå®ææ¸¬è©¦åæåä¸­æ·æï¼æ¼æå¤§å¯å®¹å¿ä¸­æ·æéå§ï¼ç±åæ´è¨­åæå¶ä»æ¹å¼åä»£ä¸¦æä¾æåã
äºãç­ç´ãæ®ãä¹æææ§å¶æªæ½ã","ä¸ãæå®ææ¸¬è©¦åæåä¸­æ·æï¼æ¼æå¤§å¯å®¹å¿ä¸­æ·æéå§...","28","2026-06-26T08:25:36.734683"
"a2db3d18-32d6-4ab5-a496-7b5158f2f8e5","c626b967-3157-43eb-a6cd-e2433561bbcc","çéæçºè¨ç«","ç³»çµ±åæ´","æ®","è¨å®è³éç³»çµ±å¾ä¸­æ·å¾è³éæ°æ¢å¾©æåä¹æå¤§å¯å®¹å¿ä¸­æ·æéè¦æ±ã","è¨å®è³éç³»çµ±å¾ä¸­æ·å¾è³éæ°æ¢å¾©æåä¹æå¤§å¯å®¹å¿ä¸­æ·æéè¦æ±ã","29","2026-06-26T08:25:36.734690"
"5acf7604-959f-4d1a-b007-cd0ca829e1e1","c626b967-3157-43eb-a6cd-e2433561bbcc","çéæçºè¨ç«","è³æåä»½","é«","ä¸ãæå°åä»½éåï¼ä½çºçéæçºè¨ç«æ¼ç·´ä¹ä¸é¨åã
äºãæå»ºç«è³æç°å°åä»½æ©å¶ã
ä¸ãç­ç´ãä¸­ãä¹æææ§å¶æªæ½ã","ä¸ãæå°åä»½éåï¼ä½çºçéæçºè¨ç«æ¼ç·´ä¹ä¸é¨å...","24","2026-06-26T08:25:36.734654"
"32f607a2-50c2-4e7d-b884-9ecee2ca8361","c626b967-3157-43eb-a6cd-e2433561bbcc","çéæçºè¨ç«","è³æåä»½","ä¸­","ä¸ãæå®ææ¸¬è©¦åä»½è³æï¼ä»¥é©è­åä»½åªé«ä¹å¯é æ§åè³è¨ä¹å®æ´æ§ã
äºãç­ç´ãæ®ãä¹æææ§å¶æªæ½ã","ä¸ãæå®ææ¸¬è©¦åä»½è³æï¼ä»¥é©è­åä»½åªé«ä¹å¯é æ§...","25","2026-06-26T08:25:36.734662"
"6dff56a0-db0b-49fd-9895-decbd6d3be58","c626b967-3157-43eb-a6cd-e2433561bbcc","çéæçºè¨ç«","è³æåä»½","æ®","ä¸ãè¨å®è³æå¯å®¹å¿æå¤±ä¹æéè¦æ±ã
äºãå·è¡è³æåä»½ã","ä¸ãè¨å®è³æå¯å®¹å¿æå¤±ä¹æéè¦æ±ã
äºãå·è¡è³æåä»½ã","26","2026-06-26T08:25:36.734670"
"1e16e8ab-d838-4831-af52-f0bdf64040b5","c626b967-3157-43eb-a6cd-e2433561bbcc","ç³»çµ±èæåç²å¾","ç²å¾ç¨åº","é«","ä¸ãéç¼ãæ¸¬è©¦åæ­£å¼ä½æ¥­ç°å¢æçºåéã
äºãç­ç´ãæ®ãä¹æææ§å¶æªæ½ã","ä¸ãéç¼ãæ¸¬è©¦åæ­£å¼ä½æ¥­ç°å¢æçºåé...","53","2026-06-26T08:25:36.734854"
"ee8fc343-248e-414e-b4d6-74a1e5866781","c626b967-3157-43eb-a6cd-e2433561bbcc","ç³»çµ±èæåç²å¾","ç²å¾ç¨åº","ä¸­","ä¸ãéç¼ãæ¸¬è©¦åæ­£å¼ä½æ¥­ç°å¢æçºåéã
äºãç­ç´ãæ®ãä¹æææ§å¶æªæ½ã","è­å¥è³éç³»çµ±ä½¿ç¨ä¹ç¬¬ä¸æ¹è»é«ãæåãå½å¼åº«æå¶ä»åä»¶ã","54","2026-06-26T08:25:36.734861"
"97c9855f-56c1-4739-bcb8-f6d5de370661","c626b967-3157-43eb-a6cd-e2433561bbcc","ç³»çµ±èæåç²å¾","ç²å¾ç¨åº","æ®","è­å¥è³éç³»çµ±ä½¿ç¨ä¹ç¬¬ä¸æ¹è»é«ãæåãå½å¼åº«æå¶ä»åä»¶ã","è­å¥è³éç³»çµ±ä½¿ç¨ä¹ç¬¬ä¸æ¹è»é«ãæåãå½å¼åº«æå¶ä»åä»¶ã","55","2026-06-26T08:25:36.734868"
"1a7ae379-a5af-4c2f-aaa7-b49abc59639f","c626b967-3157-43eb-a6cd-e2433561bbcc","ç³»çµ±èæåç²å¾","ç³»çµ±æä»¶","é«","æå²å­èç®¡çç³»çµ±ç¼å±çå½é±æä¹ç¸éæä»¶ã","æå²å­èç®¡çç³»çµ±ç¼å±çå½é±æä¹ç¸éæä»¶ã","56","2026-06-26T08:25:36.734875"
"c2f293fb-17ed-4c43-8e0e-937a3530c408","c626b967-3157-43eb-a6cd-e2433561bbcc","ç³»çµ±èæåç²å¾","ç³»çµ±æä»¶","ä¸­","æå²å­èç®¡çç³»çµ±ç¼å±çå½é±æä¹ç¸éæä»¶ã","æå²å­èç®¡çç³»çµ±ç¼å±çå½é±æä¹ç¸éæä»¶ã","57","2026-06-26T08:25:36.734881"
"c35d79c6-7ddd-4f0a-b30b-1346eb8eaf66","c626b967-3157-43eb-a6cd-e2433561bbcc","ç³»çµ±èæåç²å¾","ç³»çµ±æä»¶","æ®","æå²å­èç®¡çç³»çµ±ç¼å±çå½é±æä¹ç¸éæä»¶ã","æå²å­èç®¡çç³»çµ±ç¼å±çå½é±æä¹ç¸éæä»¶ã","58","2026-06-26T08:25:36.734888"
"42e74390-e46e-4b25-a070-36656ec7705d","c626b967-3157-43eb-a6cd-e2433561bbcc","ç³»çµ±èæåç²å¾","ç³»çµ±ç¼å±çå½é±æå§å¤éæ®µ","é«","è³éç³»çµ±éç¼å¦å§å¤è¾¦çï¼æå°ç³»çµ±ç¼å±çå½é±æåéæ®µä¾ç­ç´å°å®å¨éæ±ï¼å«æ©å¯æ§ãå¯ç¨æ§ãå®æ´æ§ï¼ç´å¥å§å¤å¥ç´ã","è³éç³»çµ±éç¼å¦å§å¤è¾¦ç...","50","2026-06-26T08:25:36.734833"
"efa72815-8205-48b8-8b7b-9f71a1f24981","c626b967-3157-43eb-a6cd-e2433561bbcc","ç³»çµ±èæåç²å¾","ç³»çµ±ç¼å±çå½é±æå§å¤éæ®µ","ä¸­","è³éç³»çµ±éç¼å¦å§å¤è¾¦çï¼æå°ç³»çµ±ç¼å±çå½é±æåéæ®µä¾ç­ç´å°å®å¨éæ±ï¼å«æ©å¯æ§ãå¯ç¨æ§ãå®æ´æ§ï¼ç´å¥å§å¤å¥ç´ã","è³éç³»çµ±éç¼å¦å§å¤è¾¦ç...","51","2026-06-26T08:25:36.734840"
"623fcccd-38a4-43da-a039-d5760d2b0c89","c626b967-3157-43eb-a6cd-e2433561bbcc","ç³»çµ±èæåç²å¾","ç³»çµ±ç¼å±çå½é±æå§å¤éæ®µ","æ®","è³éç³»çµ±éç¼å¦å§å¤è¾¦çï¼æå°ç³»çµ±ç¼å±çå½é±æåéæ®µä¾ç­ç´å°å®å¨éæ±ï¼å«æ©å¯æ§ãå¯ç¨æ§ãå®æ´æ§ï¼ç´å¥å§å¤å¥ç´ã","è³éç³»çµ±éç¼å¦å§å¤è¾¦ç...","52","2026-06-26T08:25:36.734847"
"4737ec76-a106-4262-ae42-a7e94b528a37","c626b967-3157-43eb-a6cd-e2433561bbcc","ç³»çµ±èæåç²å¾","ç³»çµ±ç¼å±çå½é±ææ¸¬è©¦éæ®µ","é«","ä¸ãå·è¡ãæ»²éæ¸¬è©¦ãå®å¨æª¢æ¸¬ã
äºãç­ç´ãä¸­ãåãæ®ãä¹æææ§å¶æªæ½ã","ä¸ãå·è¡ãæ»²éæ¸¬è©¦ãå®å¨æª¢æ¸¬...","44","2026-06-26T08:25:36.734793"
"da722788-e344-41a9-a814-553fb472ccde","c626b967-3157-43eb-a6cd-e2433561bbcc","ç³»çµ±èæåç²å¾","ç³»çµ±ç¼å±çå½é±ææ¸¬è©¦éæ®µ","ä¸­","å·è¡ãå¼±é»ææãå®å¨æª¢æ¸¬ã","å·è¡ãå¼±é»ææãå®å¨æª¢æ¸¬ã","45","2026-06-26T08:25:36.734800"
"c6d10595-3f64-433e-aed3-7ff90c43c7d5","c626b967-3157-43eb-a6cd-e2433561bbcc","ç³»çµ±èæåç²å¾","ç³»çµ±ç¼å±çå½é±ææ¸¬è©¦éæ®µ","æ®","å·è¡ãå¼±é»ææãå®å¨æª¢æ¸¬ã","å·è¡ãå¼±é»ææãå®å¨æª¢æ¸¬ã","46","2026-06-26T08:25:36.734806"
"ef2f9e77-e605-4528-87de-b7b24569282b","c626b967-3157-43eb-a6cd-e2433561bbcc","ç³»çµ±èæåç²å¾","ç³»çµ±ç¼å±çå½é±æè¨­è¨éæ®µ","é«","ä¸ãæ ¹æç³»çµ±åè½èè¦æ±ï¼è­å¥å¯è½å½±é¿ç³»çµ±ä¹å¨èï¼é²è¡é¢¨éªåæåè©ä¼°ã
äºãå°é¢¨éªè©ä¼°çµæåé¥éæ±éæ®µä¹æª¢æ ¸é ç®ï¼ä¸¦æåºå®å¨éæ±ä¿®æ­£ã","ä¸ãæ ¹æç³»çµ±åè½èè¦æ±ï¼è­å¥å¯è½å½±é¿ç³»çµ±ä¹å¨è...","40","2026-06-26T08:25:36.734766"
"70228dc3-6936-4b30-9e25-ce18ba0ffd52","c626b967-3157-43eb-a6cd-e2433561bbcc","ç³»çµ±èæåç²å¾","ç³»çµ±ç¼å±çå½é±æè¨­è¨éæ®µ","ä¸­","ä¸ãæ ¹æç³»çµ±åè½èè¦æ±ï¼è­å¥å¯è½å½±é¿ç³»çµ±ä¹å¨èï¼é²è¡é¢¨éªåæåè©ä¼°ã
äºãå°é¢¨éªè©ä¼°çµæåé¥éæ±éæ®µä¹æª¢æ ¸é ç®ï¼ä¸¦æåºå®å¨éæ±ä¿®æ­£ã","","9999","2026-06-26T09:10:03.797888"
"a5010d86-141c-41a8-9b42-3d007e3d9ee0","c626b967-3157-43eb-a6cd-e2433561bbcc","ç³»çµ±èæåç²å¾","ç³»çµ±ç¼å±çå½é±æè¨­è¨éæ®µ","æ®","ç¡è¦æ±ã","","9999","2026-06-26T09:10:18.351227"
"aa2f5b3f-304b-4834-9713-4cbd76271f01","c626b967-3157-43eb-a6cd-e2433561bbcc","ç³»çµ±èæåç²å¾","ç³»çµ±ç¼å±çå½é±æé¨ç½²èç¶­ééæ®µ","é«","ä¸ãæ¼ç³»çµ±ç¼å±çå½é±æä¹ç¶­ééæ®µï¼æå·è¡çæ¬æ§å¶èè®æ´ç®¡çã
äºãç­ç´ãæ®ãä¹æææ§å¶æªæ½ã","ä¸ãæ¼ç³»çµ±ç¼å±çå½é±æä¹ç¶­ééæ®µï¼æå·è¡çæ¬æ§å¶èè®æ´ç®¡ç...","47","2026-06-26T08:25:36.734813"
"462922ee-4da0-4e01-b3d1-1f49a331406a","c626b967-3157-43eb-a6cd-e2433561bbcc","ç³»çµ±èæåç²å¾","ç³»çµ±ç¼å±çå½é±æé¨ç½²èç¶­ééæ®µ","ä¸­","ä¸ãæ¼ç³»çµ±ç¼å±çå½é±æä¹ç¶­ééæ®µï¼æå·è¡çæ¬æ§å¶èè®æ´ç®¡çã
äºãç­ç´ãæ®ãä¹æææ§å¶æªæ½ã","ä¸ãæ¼é¨ç½²ç°å¢ä¸­æéå°ç¸éè³å®å¨è...","48","2026-06-26T08:25:36.734820"
"69af39ac-e793-4841-be8a-85fc6e9495f7","c626b967-3157-43eb-a6cd-e2433561bbcc","ç³»çµ±èæåç²å¾","ç³»çµ±ç¼å±çå½é±æé¨ç½²èç¶­ééæ®µ","æ®","ä¸ãæ¼é¨ç½²ç°å¢ä¸­æéå°ç¸éè³å®å¨èï¼é²è¡æ´æ°èä¿®è£ã
äºãè­å¥ä¸¦ééä¸å¿è¦æååå å£ã
ä¸ãè³éç³»çµ±ä¸ä½¿ç¨é è¨­å¯ç¢¼ã
åãå·è¡ç³»çµ±æºç¢¼åä»½ã","ä¸ãæ¼é¨ç½²ç°å¢ä¸­æéå°ç¸éè³å®å¨è...","49","2026-06-26T08:25:36.734827"
"7400478b-2973-47bb-a750-9f919dd94dd4","c626b967-3157-43eb-a6cd-e2433561bbcc","ç³»çµ±èæåç²å¾","ç³»çµ±ç¼å±çå½é±æéç¼éæ®µ","é«","ä¸ãå·è¡ãæºç¢¼ææãå®å¨æª¢æ¸¬ã
äºãç³»çµ±æå·åç¼çå´éé¯èª¤æä¹éç¥æ©å¶ã
ä¸ãç­ç´ãä¸­ãåãæ®ãä¹æææ§å¶æªæ½ã","ä¸ãå·è¡ãæºç¢¼ææãå®å¨æª¢æ¸¬...","41","2026-06-26T08:25:36.734773"
"c4bbbe42-2002-435b-bfe3-9cd47eacb91f","c626b967-3157-43eb-a6cd-e2433561bbcc","ç³»çµ±èæåç²å¾","ç³»çµ±ç¼å±çå½é±æéç¼éæ®µ","ä¸­","ä¸ãæéå°å®å¨éæ±å¯¦ä½å¿è¦æ§å¶æªæ½ã
äºãææ³¨æé¿åè»é«å¸¸è¦æ¼æ´åå¯¦ä½å¿è¦æ§å¶æªæ½ã
ä¸ãç¼çé¯èª¤æï¼ä½¿ç¨èé é¢åé¡¯ç¤ºç°¡ç­é¯èª¤è¨æ¯åä»£ç¢¼ï¼ä¸åå«è©³ç´°ä¹é¯èª¤è¨æ¯ã","ä¸ãæéå°å®å¨éæ±å¯¦ä½å¿è¦æ§å¶æªæ½...","42","2026-06-26T08:25:36.734780"
"42b50afe-b180-4130-9773-d6f9dbd49b60","c626b967-3157-43eb-a6cd-e2433561bbcc","ç³»çµ±èæåç²å¾","ç³»çµ±ç¼å±çå½é±æéç¼éæ®µ","æ®","ä¸ãæéå°å®å¨éæ±å¯¦ä½å¿è¦æ§å¶æªæ½ã
äºãææ³¨æé¿åè»é«å¸¸è¦æ¼æ´åå¯¦ä½å¿è¦æ§å¶æªæ½ã
ä¸ãç¼çé¯èª¤æï¼ä½¿ç¨èé é¢åé¡¯ç¤ºç°¡ç­é¯èª¤è¨æ¯åä»£ç¢¼ï¼ä¸åå«è©³ç´°ä¹é¯èª¤è¨æ¯ã","ä¸ãç¼çé¯èª¤æï¼ä½¿ç¨èé é¢åé¡¯ç¤ºç°¡ç­é¯èª¤è¨æ¯...","43","2026-06-26T08:25:36.734786"
"c989a478-f7bf-4063-96b1-747685be719e","c626b967-3157-43eb-a6cd-e2433561bbcc","ç³»çµ±èæåç²å¾","ç³»çµ±ç¼å±çå½é±æéæ±éæ®µ","é«","éå°ç³»çµ±å®å¨éæ±ï¼å«æ©å¯æ§ãå¯ç¨æ§ãå®æ´æ§ï¼é²è¡ç¢ºèªã","éå°ç³»çµ±å®å¨éæ±ï¼å«æ©å¯æ§ãå¯ç¨æ§ãå®æ´æ§ï¼é²è¡ç¢ºèªã","37","2026-06-26T08:25:36.734745"
"bad587aa-5103-48bf-896a-209ec580bc41","c626b967-3157-43eb-a6cd-e2433561bbcc","ç³»çµ±èæåç²å¾","ç³»çµ±ç¼å±çå½é±æéæ±éæ®µ","ä¸­","éå°ç³»çµ±å®å¨éæ±ï¼å«æ©å¯æ§ãå¯ç¨æ§ãå®æ´æ§ï¼é²è¡ç¢ºèªã","éå°ç³»çµ±å®å¨éæ±ï¼å«æ©å¯æ§ãå¯ç¨æ§ãå®æ´æ§ï¼é²è¡ç¢ºèªã","38","2026-06-26T08:25:36.734752"
"39200155-7099-44d1-be7b-5b7c8c3433ff","c626b967-3157-43eb-a6cd-e2433561bbcc","ç³»çµ±èæåç²å¾","ç³»çµ±ç¼å±çå½é±æéæ±éæ®µ","æ®","éå°ç³»çµ±å®å¨éæ±ï¼å«æ©å¯æ§ãå¯ç¨æ§ãå®æ´æ§ï¼é²è¡ç¢ºèªã","éå°ç³»çµ±å®å¨éæ±ï¼å«æ©å¯æ§ãå¯ç¨æ§ãå®æ´æ§ï¼é²è¡ç¢ºèªã","39","2026-06-26T08:25:36.734759"
"3523b087-5062-4f99-be48-722568612d99","c626b967-3157-43eb-a6cd-e2433561bbcc","ç³»çµ±èéè¨ä¿è­·","å³è¼¸ä¹æ©å¯æ§èå®æ´æ§","é«","ä¸ãè³éç³»çµ±ææ¡ç¨å å¯æ©å¶ï¼ä»¥é²æ­¢æªææ¬ä¹è³è¨æ­é²æåµæ¸¬è³è¨ä¹è®æ´ãä½å³è¼¸éç¨ä¸­ææ¿ä»£ä¹å¯¦é«ä¿è­·æªæ½èï¼ä¸å¨æ­¤éã
äºãä½¿ç¨å¬éãåéæ©æ§é©è­ä¸æªé­ç ´è§£ä¹æ¼ç®æ³ã
ä¸ãå å¯éé°ææè­æå®ææ´æã
åãä¼ºæå¨ç«¯ä¹éé°ä¿ç®¡æè¨å®ç®¡çè¦ç¯åå¯¦æ½ææä¹å®å¨é²è­·æªæ½ã","ä¸ãè³éç³»çµ±ææ¡ç¨å å¯æ©å¶...","59","2026-06-26T08:25:36.734894"
"2697c2b2-3eb1-4cc1-9f10-1bc8b5e1e3c9","c626b967-3157-43eb-a6cd-e2433561bbcc","ç³»çµ±èéè¨ä¿è­·","å³è¼¸ä¹æ©å¯æ§èå®æ´æ§","ä¸­","ç¡è¦æ±ã","","9999","2026-06-26T09:13:38.097387"
"8b360d60-2a33-4a48-a73d-2ca8f1c1b128","c626b967-3157-43eb-a6cd-e2433561bbcc","ç³»çµ±èéè¨ä¿è­·","å³è¼¸ä¹æ©å¯æ§èå®æ´æ§","æ®","ç¡è¦æ±ã","","9999","2026-06-26T09:13:53.515256"
"45363e48-0938-418e-9952-b5f62de82c3b","c626b967-3157-43eb-a6cd-e2433561bbcc","ç³»çµ±èéè¨ä¿è­·","æ¼æ´ä¿®å¾©","é«","ä¸ãå®æç¢ºèªè³éç³»çµ±ç¸éæ¼æ´ä¿®å¾©ä¹çæã
äºãç­ç´ãæ®ãä¹æææ§å¶æªæ½ã","ä¸ãå®æç¢ºèªè³éç³»çµ±ç¸éæ¼æ´ä¿®å¾©ä¹çæ...","61","2026-06-26T08:25:36.734908"
"227f5601-4c93-4a50-bb23-48ed0603b7de","c626b967-3157-43eb-a6cd-e2433561bbcc","ç³»çµ±èéè¨ä¿è­·","æ¼æ´ä¿®å¾©","ä¸­","ä¸ãå®æç¢ºèªè³éç³»çµ±ç¸éæ¼æ´ä¿®å¾©ä¹çæã
äºãç­ç´ãæ®ãä¹æææ§å¶æªæ½ã","ç³»çµ±ä¹æ¼æ´ä¿®å¾©ææ¸¬è©¦æææ§åæ½å¨å½±é¿...","62","2026-06-26T08:25:36.734915"
"97e53e29-c7e5-4418-a80a-683430d7301b","c626b967-3157-43eb-a6cd-e2433561bbcc","ç³»çµ±èéè¨ä¿è­·","æ¼æ´ä¿®å¾©","æ®","ç³»çµ±ä¹æ¼æ´ä¿®å¾©ææ¸¬è©¦æææ§åæ½å¨å½±é¿ï¼ä¸¦å®ææ´æ°ã","ç³»çµ±ä¹æ¼æ´ä¿®å¾©ææ¸¬è©¦æææ§åæ½å¨å½±é¿...","63","2026-06-26T08:25:36.734922"
"562aa6ed-91dd-498d-a437-6739c5c804b8","c626b967-3157-43eb-a6cd-e2433561bbcc","ç³»çµ±èéè¨ä¿è­·","è³æå²å­ä¹å®å¨","é«","è³éç³»çµ±éè¦çµæè¨­å®æªæ¡åå¶ä»å·ä¿è­·éæ±ä¹è³è¨æå å¯æä»¥å¶ä»é©ç¶æ¹å¼å²å­ã","è³éç³»çµ±éè¦çµæè¨­å®æªæ¡åå¶ä»å·ä¿è­·éæ±ä¹è³è¨æå å¯...","60","2026-06-26T08:25:36.734902"
"6b4d7fa4-c546-40a2-8a59-7aa716dbbc9a","c626b967-3157-43eb-a6cd-e2433561bbcc","ç³»çµ±èéè¨ä¿è­·","è³æå²å­ä¹å®å¨","ä¸­","ç¡è¦æ±ã","","9999","2026-06-26T09:14:30.145200"
"bf24c1fb-7123-4d7f-b4a5-737f940b6495","c626b967-3157-43eb-a6cd-e2433561bbcc","ç³»çµ±èéè¨ä¿è­·","è³æå²å­ä¹å®å¨","æ®","ç¡è¦æ±ã","","9999","2026-06-26T09:14:43.121095"
"9f2500f0-b531-4833-9e49-8b9fe541fdb2","c626b967-3157-43eb-a6cd-e2433561bbcc","ç³»çµ±èéè¨ä¿è­·","è³éç³»çµ±ç£æ§","é«","ä¸ãè³éç³»çµ±ææ¡ç¨èªååå·¥å·ç£æ§é²åºä¹éä¿¡æµéï¼ä¸¦æ¼ç¼ç¾ä¸å°å¸¸ææªææ¬ä¹æ´»åæï¼éå°è©²äºä»¶é²è¡åæã
äºãç­ç´ãä¸­ãä¹æææ§å¶æªæ½ã","ä¸ãè³éç³»çµ±ææ¡ç¨èªååå·¥å·ç£æ§é²åºä¹éä¿¡æµé...","64","2026-06-26T08:25:36.734931"
"f1de4c89-c6d0-42d8-909e-e7a1043beed9","c626b967-3157-43eb-a6cd-e2433561bbcc","ç³»çµ±èéè¨ä¿è­·","è³éç³»çµ±ç£æ§","ä¸­","ä¸ãç£æ§è³éç³»çµ±ï¼ä»¥åµæ¸¬æ»æèæªææ¬ä¹é£ç·ï¼ä¸¦è­å¥è³éç³»çµ±ä¹æªææ¬ä½¿ç¨ã
äºãç­ç´ãæ®ãä¹æææ§å¶æªæ½ã","ä¸ãç£æ§è³éç³»çµ±ï¼ä»¥åµæ¸¬æ»æèæªææ¬ä¹é£ç·...","65","2026-06-26T08:25:36.734937"
"70640ef3-297c-45e2-8b9c-fb56d7589ad8","c626b967-3157-43eb-a6cd-e2433561bbcc","ç³»çµ±èéè¨ä¿è­·","è³éç³»çµ±ç£æ§","æ®","ç¼ç¾è³éç³»çµ±æè¢«å¥ä¾µè·¡è±¡æï¼æéå ±æ©éç¹å®äººå¡ã","ç¼ç¾è³éç³»çµ±æè¢«å¥ä¾µè·¡è±¡æï¼æéå ±æ©éç¹å®äººå¡ã","66","2026-06-26T08:25:36.734944"
"86fe74e4-1b82-4f22-a480-60352ce6124a","c626b967-3157-43eb-a6cd-e2433561bbcc","ç³»çµ±èéè¨ä¿è­·","è»é«åè³è¨å®æ´æ§","é«","ä¸ãæå®æå·è¡è»é«èè³è¨å®æ´æ§æª¢æ¥ã
äºãç­ç´ãä¸­ãä¹æææ§å¶æªæ½ã","ä¸ãæå®æå·è¡è»é«èè³è¨å®æ´æ§æª¢æ¥...","67","2026-06-26T08:25:36.734950"
"993593af-67e9-48fb-85d1-929b1e2ca46a","c626b967-3157-43eb-a6cd-e2433561bbcc","ç³»çµ±èéè¨ä¿è­·","è»é«åè³è¨å®æ´æ§","ä¸­","ä¸ãä½¿ç¨å®æ´æ§é©è­å·¥å·ï¼ä»¥åµæ¸¬æªææ¬è®æ´ç¹å®è»é«åè³è¨ã
äºãç¼ç¾éåå®æ´æ§æï¼è³éç³»çµ±æå¯¦æ½æ©éæå®ä¹å®å¨ä¿è­·æªæ½ã
ä¸ãç­ç´ãæ®ãä¹æææ§å¶æªæ½ã","ä¸ãä½¿ç¨å®æ´æ§é©è­å·¥å·ï¼ä»¥åµæ¸¬æªææ¬è®æ´ç¹å®è»é«...","68","2026-06-26T08:25:36.734957"
"128443d2-c4f9-4be6-8703-1d9c5ed3bf6c","c626b967-3157-43eb-a6cd-e2433561bbcc","ç³»çµ±èéè¨ä¿è­·","è»é«åè³è¨å®æ´æ§","æ®","ä½¿ç¨èè¼¸å¥è³æåæ³æ§æª¢æ¥æç½®æ¾æ¼æç¨ç³»çµ±ä¼ºæå¨ç«¯ã","ä½¿ç¨èè¼¸å¥è³æåæ³æ§æª¢æ¥æç½®æ¾æ¼æç¨ç³»çµ±ä¼ºæå¨ç«¯ã","69","2026-06-26T08:25:36.734964"
"9ab2f36d-e261-4e78-b7d2-8de9d1a65bc1","c626b967-3157-43eb-a6cd-e2433561bbcc","è­å¥èéå¥","ä½¿ç¨èä¹è­å¥èéå¥","é«","ä¸ãå°è³éç³»çµ±ä¹å­åæ¡åå¤å å­éå¥æè¡ã
äºãç­ç´ãä¸­ãåãæ®ãä¹æææ§å¶æªæ½ã","ä¸ãå°è³éç³»çµ±ä¹å­åæ¡åå¤å å­éå¥æè¡...","30","2026-06-26T08:25:36.734697"
"ae0f2835-d292-465f-89c5-8c2eab89e60a","c626b967-3157-43eb-a6cd-e2433561bbcc","è­å¥èéå¥","ä½¿ç¨èä¹è­å¥èéå¥","ä¸­","è³éç³»çµ±æè­å¥åéå¥ä½¿ç¨èï¼ä¸¦ç¦æ­¢ä½¿ç¨èä½¿ç¨å±ç¨å¸³èã","è³éç³»çµ±æè­å¥åéå¥ä½¿ç¨èï¼ä¸¦ç¦æ­¢ä½¿ç¨èä½¿ç¨å±ç¨å¸³èã","31","2026-06-26T08:25:36.734704"
"57237fd2-93be-4280-bde0-5a7f8ee63620","c626b967-3157-43eb-a6cd-e2433561bbcc","è­å¥èéå¥","ä½¿ç¨èä¹è­å¥èéå¥","æ®","è³éç³»çµ±æè­å¥åéå¥ä½¿ç¨èï¼ä¸¦ç¦æ­¢ä½¿ç¨èä½¿ç¨å±ç¨å¸³èã","è³éç³»çµ±æè­å¥åéå¥ä½¿ç¨èï¼ä¸¦ç¦æ­¢ä½¿ç¨èä½¿ç¨å±ç¨å¸³èã","32","2026-06-26T08:25:36.734711"
"88bd610b-a9cd-42fd-874d-abc305391fbe","c626b967-3157-43eb-a6cd-e2433561bbcc","è­å¥èéå¥","èº«åé©è­ç®¡ç","é«","ä¸ãèº«åé©è­æ©å¶æé²ç¯èªååç¨å¼ä¹ç»å¥æå¯ç¢¼æ´æåè©¦ã
äºãå¯ç¢¼éè¨­æ©å¶å°ä½¿ç¨èéæ°èº«åç¢ºèªå¾ï¼ç¼éä¸æ¬¡æ§åå·ææææ§ç¬¦è¨ã
ä¸ãç­ç´ãæ®ãä¹æææ§å¶æªæ½ã","ä¸ãèº«åé©è­æ©å¶æé²ç¯èªååç¨å¼ä¹ç»å¥...","33","2026-06-26T08:25:36.734717"
"601a9108-0127-4fdd-9afa-a5a17c34d837","c626b967-3157-43eb-a6cd-e2433561bbcc","è­å¥èéå¥","èº«åé©è­ç®¡ç","æ®","ä¸ãä½¿ç¨é è¨­å¯ç¢¼åæ¬¡ç»å¥ç³»çµ±æï¼ææ¼ç»å¥å¾ç«å³è®æ´ã
äºãèº«åé©è­ç¸éè³è¨ä¸ä»¥ææå³è¼¸ã
ä¸ãå·åå¸³æ¶éå®æ©å¶ï¼å¸³èç»å¥é²è¡èº«åé©è­å¤±æéäºæ¬¡å¾ï¼è³å°åäºåéå§ä¸åè¨±è©²å¸³èç¹¼çºåè©¦ç»å¥æä½¿ç¨æ©éèªå»ºä¹å¤±æé©è­æ©å¶ã
åãä½¿ç¨å¯ç¢¼é²è¡é©è­æï¼æå¼·å¶æä½å¯ç¢¼è¤éåº¦ï¼ä¾æ©éå¯ç¢¼ææè¦å®è®æ´å¯ç¢¼ã
äºãå¯ç¢¼è®æ´æï¼è³å°ä¸å¯ä»¥èåä¸æ¬¡ä½¿ç¨éä¹å¯ç¢¼ç¸åã
å­ãç¬¬åé»åç¬¬äºé»æå®æªæ½ï¼å°å¤é¨ä½¿ç¨èï¼æ©éå¾èªè¡è¦ç¯è¾¦çã","ä¸ãä½¿ç¨é è¨­å¯ç¢¼åæ¬¡ç»å¥ç³»çµ±æ...","34","2026-06-26T08:25:36.734724"
"e9006b4d-c595-4a61-ab1a-fc1c77fa957a","c626b967-3157-43eb-a6cd-e2433561bbcc","è­å¥èéå¥","èº«åé©è­ç®¡ç","ä¸­","ä¸ãèº«åé©è­æ©å¶æé²ç¯èªååç¨å¼ä¹ç»å¥æå¯ç¢¼æ´æåè©¦ã
äºãå¯ç¢¼éè¨­æ©å¶å°ä½¿ç¨èéæ°èº«åç¢ºèªå¾ï¼ç¼éä¸æ¬¡æ§åå·ææææ§ç¬¦è¨ã
ä¸ãç­ç´ãæ®ãä¹æææ§å¶æªæ½ã","","9999","2026-06-26T09:07:51.354362"
"02edd6d2-5b48-4354-8ca6-1ad2653d7ffe","c626b967-3157-43eb-a6cd-e2433561bbcc","è­å¥èéå¥","éå¥è³è¨ä¿è­·","é«","ä¸ãè³éç³»çµ±å¦ä»¥å¯ç¢¼é²è¡éå¥æï¼è©²å¯ç¢¼æç¶éæ¹æå¶ä»é©ç¶æ¹å¼èçå¾å²å­ã
äºãç­ç´ãæ®ãä¹æææ§å¶æªæ½ã","ä¸ãè³éç³»çµ±å¦ä»¥å¯ç¢¼é²è¡éå¥æ...","35","2026-06-26T08:25:36.734731"
"b60f1fc8-48f5-4012-8c1b-e85bf1c5d62e","c626b967-3157-43eb-a6cd-e2433561bbcc","è­å¥èéå¥","éå¥è³è¨ä¿è­·","æ®","è³éç³»çµ±æé®è½éå¥éç¨ä¸­ä¹è³è¨ã","è³éç³»çµ±æé®è½éå¥éç¨ä¸­ä¹è³è¨ã","36","2026-06-26T08:25:36.734739"
"c88e9cde-29a5-4824-83d5-fb3daf46bf3f","c626b967-3157-43eb-a6cd-e2433561bbcc","è­å¥èéå¥","éå¥è³è¨ä¿è­·","ä¸­","ä¸ãè³éç³»çµ±å¦ä»¥å¯ç¢¼é²è¡éå¥æï¼è©²å¯ç¢¼æç¶éæ¹æå¶ä»é©ç¶æ¹å¼èçå¾å²å­ã
äºãç­ç´ãæ®ãä¹æææ§å¶æªæ½ã","","9999","2026-06-26T09:08:38.448389"
